MEM_ID,GENDER
1054,0.00793289529919447
1231,0.9999937731655849
1400,0.9999936133617235
1483,0.9999929440408412
1581,0.9999945295029911
1795,0.9999932650730406
1975,0.032954984413533284
1989,0.9999935735940457
2026,0.002546871037068722
2084,0.9999938862796678
2094,0.9999949660530534
2113,0.0003902267422898479
2308,0.00026284593160708753
2388,0.0002842491255137782
2439,0.9999936470563274
2457,0.999991545628361
2706,6.685682436898307e-05
2956,0.00022817396805898304
3116,4.552487418318911e-05
3152,7.849028858998107e-05
3191,8.626688975617592e-06
3264,0.0030266718807101032
3969,0.03333125934276617
4042,0.004142503298296632
4509,0.00047776024300399755
4583,2.126699453483377e-05
4800,2.9599721739520768e-05
4898,8.804447616736712e-05
4906,1.7692635248355735e-05
4963,5.05087497381042e-05
4967,0.0012214938141740916
5107,0.0025576974307155932
5435,1.4661027157780577e-05
5667,1.170140311036997e-05
6142,0.004038837108516969
6189,0.00022464408156278083
6307,2.0713455533623494e-05
6333,0.0004536475729565083
6395,9.547440975278326e-05
6404,0.0008646015059164006
7158,0.0028549531433036943
7239,0.010252347443344773
7523,0.0007848006378964199
7642,0.00015347467892404788
7803,0.018649431561998314
7846,1.6224934578047847e-05
8090,0.025382144372578467
8425,0.004127586738391786
8892,0.061393735257695044
8962,0.008551506630941282
8964,0.0010377061306319716
9301,6.260771863051632e-05
9502,0.0007442591873580847
9509,0.0028137887396242397
9970,0.0001568862727736017
9996,0.1058297662135723
10034,0.0003167156170862965
10299,6.73545561597602e-05
10426,1.3428389304788221e-05
10587,8.941086870467559e-05
10802,0.00014604718521845776
11185,0.00017482476297048916
11254,0.0010912280147907854
11601,0.0001492297775144849
12967,4.7587816476570236e-05
13538,0.003470645928603621
13896,0.0019657856338436935
13939,0.999992754366685
14605,8.916989556619877e-05
14818,0.0019265140849584362
15011,0.001488939933673923
15211,0.1014483599968455
16050,0.00208140920491693
16730,0.009036852336639785
17097,3.0335682731410245e-05
17112,0.0010737597923060698
17986,0.011204435569972282
18242,6.256374542242413e-05
18532,0.008751532426207097
19077,0.022827185813259116
19745,3.283246826117671e-05
20266,0.002125722463712816
20272,0.0008646279903644031
20583,9.623269009307159e-05
20644,0.006344725148020024
20693,0.0001499649799912676
20696,0.0019132075680372423
21221,0.005729698586279876
21813,0.30079091696912985
22149,0.00020578748625946512
22387,0.025082871492363733
22447,0.0001854171646714244
22756,0.00039418725930603574
24045,0.009795375816478796
24180,0.0014264294771802347
25075,0.017424444205400742
25168,2.204104517951566e-05
25506,1.2486127109108258e-05
25936,3.538292158711099e-05
25985,3.566945981950168e-05
26009,3.9513106036493014e-05
26272,1.4723733846087108e-05
26322,0.0016501477274878302
26500,0.0004194426015967523
26730,3.582849792378328e-05
26917,0.0028524331182883645
27322,0.9999933516507564
27327,3.97783939618033e-05
27610,0.0013116415909352889
27694,0.0052271344781762005
27726,0.00014921990322438523
27737,0.00013017278932663017
27919,0.0029475486412361336
28141,0.020994897227731058
28142,0.008358049675117477
28263,1.678659061149956e-05
28398,2.446982498811401e-05
28449,0.008396809952367084
28453,0.0013536662518970786
28505,0.002998478573067549
28994,0.00039966481666639026
29064,0.0005219516566597014
29214,0.0026999794753739073
29318,0.00019057743282973585
29990,8.18965800266254e-05
30202,0.0015529968390039191
30489,0.00044839395858355287
31253,0.14677930683711904
31414,0.0033169685010395974
31434,0.002716896280098577
31597,0.00017175990431892384
31760,0.0015007353571284514
31948,1.609766571911649e-05
32936,0.0020777314518634266
33111,0.9999941144475517
33140,0.025968861226233913
33283,0.02162812778153986
33491,0.00018326792475048583
33568,0.0024075717657375253
33659,7.20414978041325e-05
33878,1.5098363184442662e-05
33917,0.00010449973822034288
33973,0.0016981599182043826
34274,0.0019143151348782177
34592,0.0011051381702295868
34742,2.187353613545622e-05
34847,0.999994092802073
34894,2.6961269782540957e-05
35105,7.984623177955294e-05
35930,4.3377208697863056e-05
36410,0.01821241251602021
38271,4.5132846266679374e-05
38440,0.000257874238449966
38529,0.0016294927738083648
38944,0.003667828548499074
38966,0.0003088214199671439
40604,8.514190552466367e-05
41141,0.0007961173396719098
41154,0.009205894079910237
41642,0.00017230520195327543
41888,0.0017079051414482854
43026,0.999993727020069
43115,0.9999948246148364
43671,0.0020299907859380483
44010,0.0008424575191099333
44055,0.02062629041892939
44150,0.0006191805326372933
46782,0.00047899806874728267
47508,0.0016361177022750216
47510,7.761028566908275e-05
48088,0.000554701129272134
49102,5.1176256406393485e-05
49740,0.000987769395539616
50484,0.007616437035837374
50602,0.0001342102027807999
50831,0.9999935507081732
50880,3.238461083728009e-05
51484,0.9999920597424026
51608,2.6027673593127528e-05
51635,2.8390476243394246e-05
51995,3.0378937838794186e-05
52591,0.9999912756375462
52620,0.004077140427047783
52985,0.0009997288666878702
54811,5.551337840537948e-05
55140,9.761523968567292e-06
55499,1.1766875303451306e-05
56502,8.656427272645235e-05
56569,0.001721800912444242
56724,0.003763999895543368
57105,2.128799073159686e-05
57382,0.009140434677008303
57412,0.13721728933532965
57528,0.0013592398170335655
57530,0.012613497685595885
58297,8.246628714446902e-05
58400,0.00011557689434372503
58402,0.0014806554068145504
58447,0.0012310920415201814
58511,0.00017031579061192026
59183,0.014839016582404257
59239,0.9999915004519442
59964,0.999991280315138
60000,0.00011738115159764062
60071,0.00016398484599483028
60365,0.01047135109825486
61574,0.9999930142683011
61665,0.0001436426373302354
61969,0.03312522201606802
62060,4.704093723743677e-05
62481,0.00018137101652339663
62592,0.999993414415574
62771,0.0022568317970837483
62890,1.2692199615607548e-05
63632,0.00011718124149240927
63802,0.00010501955776068549
64464,0.003826630757232407
64787,0.00014741437799138617
65181,0.00027070182883177083
65204,0.00027645567117897703
65963,0.999994461347385
66174,7.85328713518015e-05
66779,0.006490586516633646
67037,0.9999936545067932
67515,0.9999927302740138
67826,5.485179156338947e-05
68098,0.0014422977422630559
68144,0.0003495930650771125
68417,0.003365055587684722
69012,0.0003457629938375086
69484,0.9999951292328774
69794,0.0003005474134222888
69943,3.936565449046898e-05
69955,0.0001186339426165719
70020,0.0006581495232164291
70207,0.00010767334956985093
70778,5.1153650834351964e-05
71007,7.051102735133707e-05
71212,0.00024442842865076526
71227,0.0016228933762684015
71355,1.832732606887303e-05
71854,0.02255739118673824
71920,0.0025039608423912674
72127,0.004348606446109108
72166,0.9999928242022385
72251,0.9999929344558997
73107,0.0004203115521714
74902,0.9999906820550143
75543,0.00012752002758187344
76235,0.9999947193550391
76868,0.0001286621583880823
77512,5.267133477691143e-05
78144,6.894757438239975e-05
78394,0.9999925708329991
78404,0.9999904437176578
78850,0.999992765431386
78928,0.9999933567891736
79166,0.9999914647144246
79732,9.565892547649635e-05
80141,9.56781786971917e-06
81152,0.0002698697983204147
81364,0.002163771830926241
82143,0.00026928165468624463
82415,0.002023389889567893
82504,0.01287208233496219
82531,0.00010241218790009213
82696,0.00015859323522873965
82703,0.999993571671958
82719,0.00013355212723976755
82805,0.005825741147210509
82948,0.007495413590953125
83205,0.003010618016904766
83220,0.00015825823201955425
83272,5.086275261467377e-05
83581,6.545159082398555e-05
83711,0.9999904470690932
83732,9.393387357075252e-06
83932,3.079639103527603e-05
84185,0.0034200708516290146
84788,0.9999861127813481
85061,7.665853116417541e-05
85452,0.011512182577864386
85465,6.910437341434087e-05
85477,0.0001572600918144243
85881,0.9999922639932196
86011,2.0932942169821536e-05
87076,0.006344627537811178
87489,0.00011228523244429377
87530,3.9395109883225516e-05
87712,0.0001256579141078875
87757,0.0010687184668709872
88168,0.009193502981589515
88586,0.00446643339473048
89587,2.9608381232645843e-05
89992,7.012039735375066e-05
90042,0.0075374557242912765
90665,1.5118645959250919e-05
91681,5.370455881394558e-05
91791,1.3868653028644106e-05
92336,0.002500362198391934
92771,1.6923167196038126e-05
93499,6.662518410199576e-06
94868,0.0008077168833315188
95222,0.0008750910427631777
95514,0.0010406767426894043
95987,0.9999931701516676
97812,0.9999923893976584
97989,0.00020475475102434647
99573,0.00010791078098628925
100578,8.04371296211656e-05
101176,0.002178252760842887
101912,5.073209499993508e-05
101964,2.4331466865053766e-05
102728,0.001951028231662128
103290,3.5462118797374424e-05
103826,0.005605407616756287
106573,0.9999874082093924
107663,0.0042128246824693055
109078,0.0012151416367410107
109481,1.5748405022681503e-05
109675,2.5325182386940625e-05
110467,0.9999943269520076
110484,0.9999945593494649
110736,6.425978664121955e-05
113175,0.0006985570543103144
115218,3.07728906006827e-05
115260,5.114471398526705e-05
115678,0.0010492911204891165
116455,5.536787157805176e-05
116743,0.08531175452128323
117382,0.9999920235193692
117391,0.9999916209013162
117419,0.999993062182012
117453,0.9999923847767198
117577,0.0038498532373959413
117805,0.00015442044911547398
117959,0.9999923008913346
118556,0.00011398200319529237
119434,0.00012406096436144815
120239,0.0061678619774730185
120247,0.003719946642559326
120399,0.0008064380719950184
120882,0.0017631917371979926
121767,0.0012946432034741816
121772,0.00013977950764965547
122276,0.0002974256775852299
122757,0.002892192511922207
123018,0.003774525871716996
123029,0.01352445918499054
123610,8.131062197566465e-05
124782,0.0001851742845078913
124939,0.005488349426247124
125054,0.002471059018230485
126441,0.0032399726515115563
128103,0.0021777495640498746
129618,0.9999898824306892
132855,8.756197763989806e-05
133448,0.02126692674406206
134151,0.008241438686402206
135709,0.9999925532206501
139500,0.9999905943075411
139995,0.9999919106567291
140370,1.970995772317744e-05
140548,0.00033112946526882726
141398,0.999987315020514
145361,2.5447771727398164e-05
145632,0.00021330313769713988
145861,0.9999922745522121
146114,0.002029014876436074
146267,0.001231814238777304
147452,0.00024162621041807388
149087,3.27741323342048e-05
149141,0.051605357641629226
149496,4.0350719747497176e-05
150155,0.4114874488045643
151151,0.0014974221711671523
151918,2.386860487477649e-05
152492,9.214930724386153e-05
154040,0.00018971591935912715
154664,1.6613426577905234e-05
154814,0.00012153043215279236
155549,0.00015204071892130399
155941,0.0038878426438637365
157390,1.3343677139217308e-05
158112,0.00030999389979454074
159691,0.9999909945656306
160005,0.9999919319968674
160296,0.0013004071562954826
160489,0.9999943112391926
161242,0.9999934336629283
162359,0.00012140101911805016
163353,1.8626543352341257e-05
163843,0.002095620200162497
164795,0.0019676759257567233
165646,1.9802500790882434e-05
166444,0.00019988533810340713
166593,0.9999950737908505
168369,3.36482663951696e-05
170461,0.9999918373217722
172184,0.9999925418854582
172206,0.0015280211722532113
172217,0.9999943570675016
172258,0.9999916020193068
172362,0.999993860910254
172462,0.9999921788342592
172712,0.999993002474767
172717,0.9999944507642898
172719,0.9999915834421281
172720,0.0001299660996581339
172821,0.9999920512272238
172847,0.9999920160124689
173208,0.999993576064387
174352,0.00010410717447063747
175032,0.008349650401600161
175458,3.243816882418432e-05
175657,0.9999938675824034
175668,0.00012949800987308005
176216,0.00010630686664637842
176634,0.9999933971124056
177504,2.013090760973053e-05
177859,3.296787532543732e-05
179315,0.0036318880187405857
179554,0.0779813505880354
180426,0.9999921643560136
181387,0.999992767994983
182267,6.917426869330896e-05
182435,0.00019013885677813419
182888,0.9999941410760219
183068,0.9999935561601045
183488,0.0009204852853686429
184800,4.9423888013211674e-05
186602,0.9999929988918939
186810,6.51880512838301e-05
188236,0.9999929314646236
188328,0.9999925872387392
190618,3.2604860216663405e-05
190920,1.0737065375088868e-05
190966,0.9999937351650519
191170,0.000451562322462804
191226,5.620845224435434e-05
191237,3.2930960977007596e-05
192715,6.127724099081964e-05
193635,0.9999931450786602
194195,0.00027130028980552006
195414,0.0006980154528972412
196949,0.9999924834148124
197365,0.00010807797990462899
197961,0.0005122755750456378
198451,0.02137722340856243
199036,0.01931384073436525
200147,0.9999924526192078
201135,0.00019351457286681834
201274,0.0001964164657021888
201638,0.002352285102418135
202546,0.0018595960466100993
205871,0.9999932629937843
205890,0.9999927542495171
205937,0.9999927567715473
206398,0.002492405713763972
207351,0.0003059985628283186
208147,9.227335334061302e-05
209018,6.950657002108843e-05
209210,0.00018580241579189372
210532,0.0001258206195885073
210599,0.00028227043650392425
211047,0.32414889791995666
211259,0.9999942790654289
211574,6.40487486326228e-05
213667,0.9999869237162016
213853,0.001149483823231685
214107,1.3316052478309813e-05
215723,1.4642676610221865e-05
216287,0.9999937014724232
216423,4.309561151619745e-05
217296,2.5581337512785838e-05
218613,9.305345163609697e-05
219273,1.632108538223708e-05
219472,3.215512296846134e-05
219663,3.125768373854716e-05
221284,1.8455274039900146e-05
221526,0.00043280272269438386
222304,0.9999931845654746
223524,3.453563449515856e-05
224675,0.9999923806367447
224681,0.9999918333450373
224695,0.7255060559703933
224739,0.9999923393786538
225114,0.9999922113887285
227923,0.0002969292243816326
228342,0.9999928724861613
229238,0.0208643545924923
230463,4.4306619463281003e-05
232087,0.00621128667751215
233008,2.9786801065278038e-05
233041,0.00042511160258963736
233171,5.1455701655664656e-05
233993,0.9999929878661283
234247,6.746806379440866e-05
234795,8.82107603325023e-05
235466,0.9999919904152489
235618,0.016666452628931884
235653,0.00019966423459444945
235913,0.999994318071109
235919,0.9999906547352229
236209,0.0012519058832851614
239225,0.9999949822622232
241443,0.0011596349764063534
242733,4.245618483767355e-05
244724,0.9999924312568886
244990,0.0001418153988632556
245422,0.00023300060544915698
245935,0.00103165030206681
246254,0.9999942298154392
248409,0.9999904806343409
250117,2.7767921062642565e-05
250416,0.9999921647544208
251450,0.00023675670132350485
251965,0.00010730681959388482
252959,0.999992348338035
253469,0.0007090462012468189
255671,1.901856033357815e-05
255690,0.0038416613725971026
256258,2.202370153371174e-05
256650,7.95710581023412e-05
259651,0.0002928370971405603
260879,0.0017535951198429391
261276,0.0006268027391401136
262838,0.00010680549395424937
262933,0.014016997390666823
262977,0.004600095179414733
263034,5.486020384160221e-05
263267,0.00011193537834462449
263428,2.2658479010721373e-05
263440,0.0006417444261807441
263469,0.0008536281784488182
263754,0.0014682652762137006
263789,0.0001553586135324814
264025,0.9999915273840173
264146,0.0031412956979673706
264477,0.002692918210607236
265096,0.0006187943044181694
266765,0.00040035467661384477
266869,0.0016844353402498818
267076,3.68230231143314e-05
267552,0.04036995421958802
267731,0.013577940506800869
268271,0.045694650451038425
268375,0.0009819226926062379
268925,0.002629847369644521
269351,0.0018321427999416894
269500,0.0004774100887037245
270564,8.22235263617083e-06
271067,0.013024672368624111
271788,0.0029314807688593917
271946,0.00021795381029422338
272314,0.012492597393389334
272327,9.793573003486518e-06
272434,0.00048720314671910775
272744,0.00013402801778784773
272777,0.00759605505923619
273803,0.0019542890910449824
273991,0.00010126801285772089
274293,0.9999928992950301
274901,0.0017057135152026173
275358,0.0011006484578397376
275786,7.179265103587501e-05
275944,4.311249052774142e-05
276715,4.2346221921857536e-05
276853,0.9999916856516688
277137,0.35334842038754294
277404,0.3259146004246501
277840,0.03992545744620757
277919,0.0005288594054070606
279509,0.9999905529356053
279992,0.0004866240075282536
280100,0.0006520962507958976
280614,7.442484612923999e-05
281245,8.793531394948006e-05
281516,0.0829863645232502
281810,3.3161486348707905e-05
282339,0.00037490491330748456
282438,0.0014290809306636374
282445,1.8693608412854052e-05
283151,0.0038344349148203304
283339,0.0006980894178014132
283373,0.0003346695408066427
283521,5.228561168928444e-05
283573,0.9999926195431361
283602,3.2952155243771166e-05
284920,0.999990795426133
285109,0.5772891854575245
285887,1.1597317543227042e-05
287236,0.00581678056227827
289034,4.935021412799691e-05
289437,0.0031317270759531235
289445,8.020129464445762e-05
289677,0.019361394841354893
290109,3.112720285778865e-05
290406,0.0001433560035289707
290594,0.00037755502429811437
291629,0.00012221356777470649
292105,8.898121903889116e-05
292441,0.11144438585824033
292507,1.8802337455332643e-05
292860,9.378366927142264e-06
293030,0.0020306771051957695
294286,0.00021188353801803207
295712,0.9999925262183199
296839,0.0010533827076422092
296867,0.002777539704259527
297428,0.0010994062491188298
297976,0.003044541197221743
298612,0.00024218702285435636
299373,0.009496984502343918
299987,0.003037304205959313
300258,0.9999868493231343
300376,0.0004412052661191673
300895,0.0010763103787907837
301349,0.10845505272035331
301550,0.01136143091669898
301716,0.0011827265902971734
302634,0.001268742209372586
302836,0.00044828194899465253
303147,0.0008909914531287902
303406,0.000452208846145136
304151,5.296632530627231e-05
304323,0.0003441530633687095
304864,0.0021522995085868353
305563,0.006891601824439779
305983,0.006734381538707496
306067,0.006339119113056282
306212,0.3221851493386571
306572,0.000446684041113656
306690,0.04837678297396312
308289,0.9999939666762955
308460,0.026471785619426712
308922,0.6316252120853778
309260,0.9999910252687637
309368,0.004485615370350162
310432,0.9999933874660231
310851,4.934831485069238e-05
310857,0.003271718551278512
310913,0.00011964879524936835
311115,0.00047810823638277716
311210,0.0002333701576207519
311225,0.9999932162428706
311624,4.434827427645166e-05
311723,9.416430672217307e-05
311994,6.469904581481669e-05
313229,0.0007450470357348803
313268,0.001150338531838524
313273,0.088569990364905
313847,1.9959319894658407e-05
313968,0.0010698823178124626
314464,0.9999942371464533
314564,1.6588577636474837e-05
315602,0.1529982806402873
316346,6.882026361399638e-05
316955,3.213832161904824e-05
317157,2.9451484246001486e-05
317923,9.980433457281262e-05
318060,0.0004200027677004365
318491,0.0004820990182625461
318811,0.12914608581880016
320097,5.7450151760283574e-05
320396,1.833000880013861e-05
322227,0.003956535638733166
322333,0.07678664249066208
322524,4.7467184409522894e-05
322602,0.026702983852537145
322677,2.0733840404862508e-05
322682,0.16057461915431742
322834,0.9999937258229774
322961,0.0013203150965516398
323576,0.9999940963494
323778,0.9999932883529559
323838,0.0003123616594746315
323847,0.006260552399575337
323850,0.9999933369966391
323937,0.12628441568046817
325601,0.9999936357433594
326280,0.012986303698228861
327448,0.0014516197261643755
327868,0.0400262639553115
327949,0.9999946167202854
328658,0.005727060013450397
328750,0.002525112723885048
330233,0.003154969744214261
330395,0.0003283533932826969
331994,0.8350689760377265
333256,0.0010445700105369063
334023,0.002125571910451925
334233,0.9999911842530348
334768,0.0020789072680312513
335095,0.011730786105683117
335341,0.00015621665767021908
335348,0.0009696072838196923
335454,0.012387699000217831
335846,0.9999939149213075
336035,0.9999939730253556
336610,0.00023040618325257748
337020,3.478901866069918e-05
337183,0.9999943143419096
337410,0.9999930212893339
337726,0.0011045696292893926
338300,0.005339743356761588
338313,0.00015197354524015957
339084,0.0005466798092193977
340662,0.9999936218292365
340801,0.013720580420456563
342195,0.00025854311375906913
343525,0.0003638532648369473
343763,2.9543376220115366e-05
343917,0.003833006876871958
344284,0.00026033970896753426
344320,0.00019810724585144683
344545,0.000741823791924926
345609,2.4201466182533207e-05
345704,0.0027144158211964563
346455,0.0011980807118215776
346488,0.02155232202735204
346580,0.9999931772997596
347297,0.006461393733365061
348238,0.024614679420454498
348244,0.0013311506800797951
349177,4.705755845666006e-05
349190,3.264540229818667e-05
350691,0.005076942669037718
351177,0.03716984243647458
352790,0.9999944174938363
355779,1.4806901966773778e-05
356541,0.9999932310678697
357206,0.02364608058468965
357820,0.9999909210443488
359334,0.9999925338508673
360267,0.9999938420865753
360424,0.0021113293104586266
361279,0.0006884155825740008
363071,0.0001363759478612941
364873,3.3815198053759496e-05
365183,7.108579428892833e-05
365188,0.0006352208177336621
365588,0.7013679651122914
365826,0.003125998751179653
366207,8.74200612553936e-05
367735,0.9999935173768693
368085,0.0571838862275324
368095,0.00042745629341315656
368229,0.0006781666101140178
369696,4.8192211432956425e-05
370712,0.9999928209423499
370809,0.9999929790990818
371232,0.999991497216784
371296,0.013344419030735492
371850,0.9999921487953299
372411,7.784003646649894e-05
373094,0.00010786620827121806
373946,8.620484370774565e-05
374013,0.08273561452900244
375109,0.011593926505255505
375309,3.34439266742232e-05
377702,0.017936978985277265
380167,0.00033292396895421753
380431,1.204079458074297e-05
380492,0.004860972246662649
381925,0.9999921812042263
382199,0.0003020975679321131
382856,0.9999929207099784
383156,0.059316072879038916
384699,0.9999933873187492
386332,0.9999913738516245
387571,8.835657954218768e-05
387749,9.561240959403847e-05
388476,0.013453392770810582
388527,0.9999912498609055
389680,0.9999944901798447
390864,0.0002509959166397631
392094,0.9999926927531338
393883,0.002263285385810712
393922,0.999993697856722
394076,0.9999855487376017
394250,0.9999922756903585
394344,0.9999946674533774
394437,0.9999930358825976
394443,0.9999927199045439
397464,0.0001992631878956994
397789,0.01075744393179416
398406,0.6364989961617811
398927,0.06769190116280245
399449,0.0004682940350804216
401633,8.271264323172218e-05
401878,0.0034393854230852215
402745,0.00013353166145694433
402764,6.393891026313903e-05
402982,0.03957877938641924
402997,0.00012191409142929634
404152,0.0035696191067107487
404223,0.9999948335075258
405040,0.999992238409994
405214,0.9999930678814059
405528,0.003770128972265749
405812,0.9999932470211528
405971,0.0024981129407679586
406698,0.044105744729158354
406758,0.00431265643394002
408049,0.0004378607076937064
408330,0.9999908728585781
408932,0.0021878532821868837
409387,0.0009155323949703717
410841,0.0002217805499752512
411466,0.0006232869025039681
411542,0.0002909344557283491
411986,0.00020536687059476532
412031,2.7409448389472952e-05
412561,0.019858978049215756
412798,0.00033463108826710635
413126,0.999992619522963
413303,0.9999947322249054
413313,0.9999918955451874
413342,0.9999941605013858
413392,0.9999915106102899
414400,0.004933402678027469
414484,0.0005296735133978449
415085,0.00022192512186765894
415338,0.002798886837098352
416163,0.9999920702178877
416165,0.9999884225093729
416230,0.9999934209927326
416377,0.0009123503410185472
416485,0.9999914651895978
416487,0.9999921164718879
416603,0.9999916901332802
416668,0.9999938897043854
416682,0.9999933105994881
416690,0.9999933551476017
416828,0.9999933775805466
417073,0.9999941796557722
417575,7.28201644442344e-05
417654,0.0001490749608820887
417929,0.9999946960092999
418159,0.004655086827706805
418330,0.00012542561020111162
418390,0.9999935614593962
418412,0.9999942100322535
418431,0.9999932732261755
418479,0.9999873980739946
418773,0.9999936148942302
419162,0.00017686266557990842
419897,0.0006310841839893555
420392,0.04586829907574201
420459,0.9999913759145993
421207,0.9999914097317769
421346,5.1308032143129816e-05
421391,0.9999927110513886
422374,0.008309387455806318
422541,0.025633600587975463
422629,0.048709258185463095
423598,0.0025076377595618328
423802,0.9999925744624103
424187,0.002486926663838706
425129,0.004569483110392358
426745,0.9999943610388737
427250,0.00012202331912292713
427366,0.9999937007002755
429360,0.9999906782811104
429364,0.9999931956253529
429889,0.9999924164963438
430818,0.99999439500727
430968,0.005838118677267727
431031,0.9999922512124051
431743,0.999993213811273
431888,0.9999930143422255
432624,0.99999377208615
432948,0.004697828554132425
433456,0.0031353007833873014
434787,0.007914215286399523
436536,0.00016986544874114193
436904,7.309425880275265e-05
438503,0.20270327909110436
438533,0.01784546699601954
439116,2.5243368515519033e-05
440131,0.0007839521405453147
440675,0.002901103349652362
440752,0.02452108897582205
441422,0.0004179745283860025
441961,4.495099533522247e-05
442920,0.002780825008473472
444296,0.00419352449319444
444731,0.00020386244344301592
444981,0.00011282239246300098
445824,0.999994368163954
447268,0.002362783171368497
448359,0.9999938834411578
448670,0.000381079461922387
448832,0.9999944812105492
448841,0.9999915606506513
449395,0.999992249784045
449424,0.9999939820054213
449435,0.9999933997203823
449739,0.0008951647067706157
452926,0.0007897855762351643
453478,7.823629565526331e-05
453733,0.00011752621894807064
454810,0.9999914207196371
455060,0.018518074501473584
455633,3.785594175638659e-05
456697,4.111203032404789e-05
457275,0.008810136505597272
458308,0.9999938840494896
458683,0.9999936931941539
459627,0.0050412215303607495
460659,0.00024723038518321196
460669,0.9999917164102898
461913,0.00018490607157102654
462338,0.999992408569648
462775,0.00012169349170955895
463095,0.0003944601912593264
463691,0.9999919637073591
463753,3.165265052270207e-05
464719,0.00033043199193041027
465444,0.0004509254402445381
465638,1.2737028732782934e-05
466342,0.9999907117060329
466428,0.999993866788084
466429,7.052250653474855e-05
466940,0.0004297562297972039
468424,4.151176452633912e-05
468779,0.9999946673542006
468854,0.00011839351362338208
471609,0.9999938063069124
472324,0.0006979837158340147
472509,0.9999949650747967
473680,0.9999913555790272
473986,0.00039704587280752266
474112,0.12027923429814516
474221,0.035517431103439856
475246,0.0002804977939105841
475536,0.012959129276614996
476009,0.9999901945612306
476313,0.9999927539126148
477885,0.9999921743558378
478711,0.999994443707194
479323,0.00011798405797246075
480208,3.053220761110031e-05
480457,0.005842329394094276
481312,0.002651994673018066
481435,0.9999910987941468
481696,0.15144744109015107
482513,0.021789924574525724
483826,0.02293727942567479
484093,0.0038304498885212944
485448,9.532376575179442e-05
486182,0.10914727817604995
487513,0.0004044686359336981
487595,0.00022796659561528452
488301,0.9999944118973949
488456,4.146863809077603e-05
489416,0.999992391555886
489706,0.002748637391759402
489750,0.9999925086452489
490265,0.001279838127941738
490291,0.9999932087902207
491298,4.9370516790053605e-05
491700,0.00012002959651396734
492056,0.25006490583631735
493956,0.9999934306749778
496965,0.9999935781214111
497487,0.9999926115810766
497777,0.006480391829035757
497882,0.9999929958681694
498074,0.0014749532857735296
498222,0.0029423853762468415
498313,0.999991804541444
498755,0.09177880864668325
500517,0.9999915916549608
500560,0.9999924932663592
500572,0.9999865928488786
501866,0.0006663633968830015
503175,3.437383772817666e-05
503294,0.9999877838953385
503374,0.9999911602146803
503427,1.5968005086844022e-05
505332,0.9999908350458538
505468,0.00024208240308867942
506478,9.384775606918261e-05
506770,0.003245996271511385
506952,0.022312198097198165
508960,0.2812271861993759
509180,0.3937880504292646
509635,0.9999939242287216
510125,0.21589676865816457
510670,0.05092148046754663
511210,0.0009468713412042083
511325,0.00030782691312589687
513103,0.01628610143555681
513829,0.9999931380478783
514320,0.00012486981801737367
514746,0.9999935020114725
516372,0.9999941421376676
516773,0.9999873530296368
517785,0.00303578248044181
518975,0.999992953939453
519131,0.0013454911370324345
519300,0.9999943485084539
520833,0.0001658058201114354
520844,0.0003366235839819864
521123,0.0006364639734806892
522015,0.054431511706021105
522179,0.9999935209819562
522503,0.00036717721540638473
522988,0.999993307792433
523041,0.00018939835372277667
523933,0.9999910531789354
524052,0.999993990141277
524739,0.0025458696651433905
526000,0.0015455812725101098
526636,0.0006783392788021965
526769,0.00013349143249531413
526825,0.9999905872739815
526890,0.0006616583167952742
527790,0.9999927423775695
527971,0.999992050253445
528030,0.00170707402534887
528208,0.9999924784285378
528271,7.000762102147235e-05
528938,0.0003673914391092984
529000,0.02358024133140643
529426,0.0008989107998390285
529514,0.01409341284349826
529676,0.00026908204232324037
530378,0.0007645801915117584
531839,0.00010904315669794378
532609,0.0001610655685811969
532904,0.0025474657594363468
533076,0.00965632629618268
533182,3.299686134547958e-05
533379,0.0004964830663680545
533576,0.003600994883323024
535184,0.9999909026153677
536636,0.9999917325511901
536987,0.008214747078634028
537002,0.6556939066074289
537118,0.9999923915042245
537568,0.9999925128535108
538018,0.0003011300081982232
538519,0.00014464356090623654
539015,0.07428192423479056
539114,0.0005340050149453693
539611,0.00024741124008439497
540679,0.000932199400291561
540823,0.0020856956004432527
540961,0.0005471771200369963
540996,0.026579811804535763
541157,0.0005954556296696846
541264,0.999992790493594
541600,0.0002617386228628576
542715,2.9132082977188968e-05
542739,0.9999944617930094
542984,0.008602667945201876
543189,0.0006919941467769436
543216,0.9999922458378334
543320,6.751953681573656e-05
543393,0.022905011998416897
543456,0.9999935468685062
543624,0.00020336783753604538
544714,0.002169331780807487
545029,0.003790302746343438
545038,0.34284122639191267
545144,0.9999930485390386
545732,0.9999935147822184
546670,0.18363639103095405
547614,0.015964144212118555
547958,6.42759494885961e-05
549165,0.01148847567500812
550058,0.46292069250681606
550126,2.6441501232628075e-05
550214,0.999993411578728
551035,0.9999935388471566
551640,0.9999939646521047
551858,0.0005604974737442927
552237,0.0015402906100775349
552613,0.00023875968999709064
552814,0.00023707388446384914
552946,0.00016163852693087448
553736,0.9999942908007972
553953,0.9999922213762156
554682,1.6144140390287374e-05
554760,5.5234785538453634e-05
555048,0.004007153124118534
555721,0.004830311592960234
555841,0.9999914940424947
556048,0.0001551638359631317
556059,2.9041673083188098e-05
556587,0.999992638052105
556637,6.285651072555273e-05
556811,0.9999914764791257
557245,0.008409228747236179
558223,0.004905150334869053
559487,0.00021771215027618806
559736,0.0018545448654357641
559939,0.046806206984510046
559941,0.0016619971276076654
561594,0.9999939836565214
562089,0.16626960933407786
562831,0.00038588428076474307
563643,0.9999924039212279
564468,0.9999936657712486
565235,6.147394118325911e-05
565924,0.00152117902384229
566171,0.9999920578664391
566455,3.880932352699544e-05
567557,0.005298011625491823
567574,0.9999908376775704
568151,0.9999912645725992
569013,0.00014838116520711958
569253,0.0007214378818549598
570100,2.5666303730632155e-05
570797,0.9999938379763023
571655,0.0005116824888703323
571794,0.0009732918633492463
571842,0.00010155311986202766
572873,0.0012195220914194402
573304,0.005653286387809973
573782,0.9999924994447066
573934,0.001768635544053264
575123,0.00036329852649354447
576706,0.0004559777904446668
577835,0.021059007999633884
578330,0.0002082364438867854
579872,0.0008495572854726118
579930,0.023960737497815784
580533,0.9999915652803373
581050,0.9999943583234391
581059,0.0008276739426999165
582239,0.9999938579760788
582675,0.9999919637636868
583459,0.9999920449936408
583468,0.0010548502876566348
583555,0.9999929520201266
583876,0.9999931678017995
583903,0.999992395896264
584321,0.9999936422681753
586600,0.02128991607518074
587964,0.12858899930256618
587983,0.005714786995242731
589808,0.009545435795436014
590140,0.0001831459757974474
590409,0.0006756048139434967
590535,0.0029961015325806165
591296,0.003114759551114573
591623,0.9999924868382807
592585,0.0007743827544137218
592854,3.7620324842769555e-05
593005,0.005986800752390819
593547,0.9999933617532694
594063,0.999992712993254
594302,0.9999937393566375
594395,0.9999932462921192
594808,3.6430252256457295e-05
594959,0.015268909288815493
594979,0.0038900544681564056
595424,0.0005071873403592087
595909,2.7336797203453005e-05
596049,0.001377994596888598
596070,0.02277777257958984
597584,3.13011317449965e-05
597623,0.04266547516203076
600272,8.754969326320885e-05
601558,0.00020969610604283366
601902,0.0007211587990226393
603459,0.0011772284643213947
603682,0.03944816491880974
604229,0.999993797532391
604990,0.9999928072531432
605075,0.022638316421770235
606733,0.0001174473020760992
607197,0.004250954194284301
608397,0.9999928253816037
608801,0.9999924930076163
608967,0.014608666109223232
609621,0.0016559098009456214
609724,0.9999945939146604
610297,0.0008777742567977334
612229,0.02430474618404933
612422,2.5321773592233295e-05
613250,0.00036464162735393824
614042,7.322728051833695e-05
614361,0.02236534262548697
614515,0.007090459382984747
614902,0.005215332930672767
615205,0.002095272870277321
616696,0.005640014657853043
617007,0.9999931898623283
617136,0.001215155293558213
617274,0.9999952574314711
617762,0.0014745648839867872
619051,0.9999923821788427
619071,0.0011977131157375146
619510,0.9999934848518716
620121,0.9999943762318573
620635,0.9999922886799184
622182,0.999992932736985
622597,0.9999949258592146
623230,0.9999918919930026
623373,0.06221482306836749
625993,0.003950499835295117
626681,0.004940172571990905
627495,0.9999931463281935
627554,0.01203805197773749
629133,0.015980202948066936
629671,0.023389852367911242
629702,0.018601628925899682
629804,0.9999938756041832
630103,0.008366537091771101
630565,0.999991940233305
630784,0.07531143865657851
631146,0.9999939673135628
632581,0.9999941227135735
632627,3.274442612477425e-05
632761,0.0005435794839069666
632776,0.0002946584849216162
634264,0.9999929140452043
634351,0.9999903838472359
634643,0.21088764719890313
634804,0.9999944605017348
634826,0.010575411265284825
634886,0.9999911048547956
634940,0.00015606566505636462
635498,0.015238564987967081
635698,0.004424330389036999
636543,0.999993510737983
638597,0.9999944663565137
638999,0.9999942932073623
640522,0.9999913935217073
640580,0.9999917056201945
640605,0.012986340382109291
641552,0.00026627992004576214
641553,0.011559391618370612
642032,0.04703260201198833
642155,0.0012635881127375666
642222,0.07757782804060982
642993,0.0006612532737908714
643787,0.00023999510622156462
645319,0.004741872051078404
645370,0.0007819231414672775
645446,0.005798560226079329
646313,0.005548792704287401
646422,3.557570174794217e-05
646775,0.08170268421672375
647073,2.942704716375514e-05
647418,0.9999932671325228
647575,0.005760269111973229
647586,0.9999938523437099
648043,0.9999920931217502
648441,0.011274137979764513
649693,0.03502969295161403
650077,1.946750088403613e-05
650109,0.02267306809615415
650730,0.00014280083838716812
651140,7.129128488499616e-05
651622,0.000450745468255797
653022,0.019001280695510808
653071,0.054478865215404425
654062,0.0004961862608829114
654302,0.0028708457067772083
654382,0.001488470363075721
654792,0.08691508894142634
655136,0.43691086769080145
655213,0.0004185272559332269
655259,0.9999930729091919
655289,0.005012487344384007
655303,0.0006291025912410141
655592,0.00974418892874536
655960,0.9999925279571497
656124,0.1285783131171812
657244,0.0006636118435044796
658665,0.0004661002032795629
659364,0.0005718635709536766
659485,0.0005868839056500312
659658,0.9999930203468884
659975,0.0010233130121458651
659995,0.02413890753622879
660518,0.008153302677786292
660929,0.9999906711704006
661398,0.9999927946800167
661811,0.9999932321429902
662759,0.00033002107722040786
662839,0.06627888669787571
663094,0.999990843572823
663446,8.678037074547915e-05
663632,0.009475545944137274
663862,0.006189557625695269
664767,0.9999941591956163
664997,0.9999942293161347
665362,0.002114602486133984
666100,0.00018251484787450907
668162,0.9999926554515332
668479,0.0011723101581434696
668605,0.9999930603160809
668689,5.365189570786497e-05
668740,0.003054547092558212
669115,0.9999915815795298
669793,0.00021648054295637787
670072,0.9999928688730781
670170,0.9999931927911924
670863,8.923500700091037e-05
671392,0.0008060723855677385
672463,0.9999904543960354
673361,0.013959862003736837
673619,0.005699035684906865
673830,0.99999309895146
674188,0.0007884299900235623
674209,0.0016063054885620252
674858,0.00042781622090583965
675308,0.649027279451248
675717,0.030914039391458255
676666,0.9999938974519648
676669,0.00011912417434852462
676750,0.9999936625726525
677544,9.936930168896364e-05
678046,0.9999938775717196
678231,0.9999889525455931
679059,0.09935661565516643
679431,0.6629106745587415
679472,0.999993444109657
680655,7.332274491977613e-05
680670,0.9999946210527609
680902,0.9999919214328312
681687,0.009112987979035118
681822,0.9999942431120445
682597,0.9999933902708538
682598,0.0002676463207600622
684845,0.0006417780576621488
684874,0.24182467358114804
686014,0.9999930905521468
686076,0.999994500743293
687346,0.0036526104263048874
687480,0.0009558342816812368
687864,0.9999934371437504
687980,0.012853383884232024
688481,0.0006187190080308963
689090,0.9999931788965656
689849,4.332285020782729e-05
690306,0.9999935970954513
690440,0.9999922615097456
690494,0.0018597646929143046
691080,0.00012416665805060174
693099,0.01223507093553741
695198,0.0014932697514705177
695497,0.00042788948054942066
696381,0.003814485987203315
696756,0.9999934974126319
697483,0.9999927221667638
698261,0.999994246881284
698689,0.00023534891694909366
698996,0.00010055643397209438
699483,7.179142932711394e-05
700237,0.2110514456634314
700818,0.9999946889665106
701241,0.07176166496736609
701723,0.015288591386461624
701835,0.007941125856068352
701844,0.9999914821185335
705144,0.00011459525497126765
706199,0.9999940576927716
706212,0.03262154217723174
706635,0.9999943376697915
706715,0.0006855666119232728
706907,0.0028263217170157212
707557,0.0009776630263439816
707721,1.7963694679100272e-05
708042,0.0004912207181536028
708184,0.9999938417920798
708214,0.9999948083040254
708392,0.002709107549769058
709776,0.0444464470369936
710236,0.0006232116624461425
710852,0.999992538053015
710951,0.005023435738375145
711107,0.999991223009472
711326,0.9999931192930265
711716,0.06439094018873379
712202,0.9999926941690735
712697,0.00022896523557354337
713508,0.9999925038779699
714085,0.19537213035065137
714360,0.0009273452661748404
714880,0.0007736488155084728
715040,5.016898901075832e-05
716297,0.02427828416690268
716956,0.0002608121073260659
717239,0.003749349220089425
718257,0.00020331042166433198
719599,0.01090224306688144
719600,0.08293394190647682
721324,0.06769901497979879
721752,0.9999923695202065
721760,0.00024688727710678895
724053,0.0030433222620887086
726134,0.14546297421084706
726245,0.25526436239681743
726330,0.00016463094466428901
726818,0.0001663354973340532
727284,0.30055399189392934
727402,0.004129519345771256
727511,6.784255126380533e-05
728068,0.0020789539424469964
728232,0.9999926845512719
729009,0.9999938343033501
729175,0.999993982945338
729631,0.00023505153079006512
729891,0.004099452668751211
730385,0.9999945757170174
730882,0.9999932612129487
731135,0.0011860197614429828
731196,0.5447879951800784
732220,0.016961260920542145
733680,0.000190582240350796
733724,0.020820013348482064
734554,0.036026698180121934
734648,0.004909078989473559
736785,0.002019974849793849
739212,0.999993249843749
739624,0.9999907871028143
739862,4.73943458378063e-05
740376,0.03914249057534393
740955,0.9999938957857852
741207,0.002163823571956405
741596,4.940103776917143e-05
742071,0.9999932059406587
742085,0.052011111476536274
742711,0.9999943494575038
743301,0.9999935569701648
743625,0.004148617952445259
743630,0.9999935210557249
744095,0.00034589620922744884
744444,0.9999948505193481
744690,0.9999941523653382
745275,0.02953734245808727
745494,0.010623120569339466
745574,0.00020481556879181064
746381,0.9999907907234558
747025,0.00013962454071309746
747226,0.00010600512231620974
748044,0.058633751070295115
748059,0.9999926021398551
748506,0.2527602317105014
748668,0.0078027771518543575
749608,0.9999920591302675
749638,0.000137094328613926
749688,0.00027801367755700467
751536,0.024029822341238773
751876,0.9999923596295914
751956,0.007559875965303213
752018,0.011823891484962368
752272,0.9999865791069142
753648,0.0016378836653302123
753940,0.999992305520622
754188,0.008672289661469925
754315,0.9999924773538589
754907,0.9999914441112132
755446,0.0006696879194671938
755547,0.025370846428155923
756025,0.00574903765930086
756169,0.7209771260669542
756273,0.000506977072076521
756762,0.001519194556064433
756771,0.18325527689445126
757929,0.0005739022089510333
759245,0.0001185625894712054
759565,0.004079360736568923
760261,0.9999939191282622
760316,0.002795564043718738
760733,0.007982419235578403
761000,0.0001231018507864911
761545,0.9999935668128541
761644,0.9999925001658374
761732,0.013226810886786127
762128,0.9999926663621298
762385,0.9999928510924267
762550,0.006299025661775954
762591,1.1434911536584164e-05
763535,6.858402790985106e-05
763924,0.0010443186441312338
765500,0.0026218836419536376
765516,0.9999940005199593
765591,0.9999937947092579
766157,0.001136397166603584
766535,0.9999924267653298
767824,0.9999942454116133
767986,0.01976007942400527
768080,0.9999910430613428
768453,0.99999411787093
768706,0.0002829907818918675
768934,0.999990307218548
769235,0.004473778793175125
769443,0.9999935550299415
769827,0.0025426823880516543
770272,0.9999936701745533
770627,0.9999955449787009
770731,0.0007193766307923345
770833,0.9999914076991754
770978,0.0002049055429202126
771561,0.9999923197507636
772033,4.805252604505865e-05
772248,0.999993644105178
772808,0.9999945503570503
772863,0.011426416904778166
772931,0.00014697635056181644
773354,0.0005118389153047132
773735,0.9999906027832586
774173,0.9999928943276607
774227,5.8774718994550065e-05
774289,0.005501140298738775
774656,0.011110157397507774
775430,0.9999915694871203
775501,0.07425482069952259
775610,0.9999923007725431
776966,0.9999925558583667
777135,0.9999945124535046
778335,0.9999931914623603
779146,0.9999937484296199
779184,0.0011875489781134842
779674,0.9999928232725445
780127,0.9999938543785301
780274,6.655323640167138e-05
780591,0.999994000311687
781793,0.046422105602567036
782711,0.9999922019830939
782916,0.9999937491377457
782972,0.9999868460767823
783013,0.9999946697507808
783031,0.9999913096894782
783278,0.9999922109122937
783330,0.9999923673544898
783379,0.9999932709116442
783784,9.253821656840066e-05
784675,0.9999928475548282
785054,0.9999944435694342
785198,0.9999932975250223
786800,0.9999930952067008
787386,0.05903225405963002
787403,0.9999941481605936
787984,0.9999929472723902
789475,0.9999940675019466
789617,0.06982935089174021
789912,0.001221662378733355
791355,0.007142664173614753
791502,0.000955778240668765
791779,0.9999915712331419
791827,0.9999860859636764
791997,0.9999930485065323
792650,0.9999941787180217
793019,0.21569946140374582
793724,0.9999942520448689
793762,0.9999943527549418
794096,0.9999914143594676
794427,0.999993235239244
795068,0.0005902736160038498
795664,0.9999934750568613
796213,0.00012756079220453882
797125,0.00034988256875910213
798119,0.007880616039376658
798122,7.120209057593678e-05
798137,4.322600048694192e-05
798170,0.9999914210097639
799392,0.9999941276926462
801826,0.9999934139882775
801935,0.9999927174472715
802368,0.013880406081882256
802609,0.9999946235576325
803360,8.260139881138186e-05
804704,0.9999910253406089
806511,0.999994193216076
808232,0.0002067396693237267
808875,0.001684459242632769
808957,0.032225160054413435
811206,0.0001432218976270089
812476,0.9999908887384765
812586,0.9999929159321496
813048,0.9999939591025042
813181,0.013660505618075948
813842,0.9999928979035525
814014,0.99999089626314
814086,0.9999928740975984
815153,0.9999924930613596
815490,0.9999943078031577
816282,0.9999925756029204
816994,0.9999921100383966
817241,0.9999925051044602
819752,0.9999930696190209
820033,0.9999941007035877
822703,0.0018792686573800125
822804,0.9999910464056238
823407,0.9999916005539685
823610,0.9999915023485368
824176,0.6110751711417023
824214,0.9999933687104606
824448,0.9999933046866678
824715,0.9999917020679179
825329,0.006038248409964381
825778,0.9999930520236737
825817,0.010194843538949954
826140,0.0007765413706518133
826248,0.999993790689579
826859,0.9999940767078055
826920,0.0015059303357000797
828266,0.0006000988776379505
829771,0.9999920317327329
829934,0.9999917261151909
830194,0.999990779950266
830460,0.9999920632853146
830518,0.9999937019120373
831830,0.008623534084616155
832576,0.999994649555265
832628,0.9999927021162685
832630,0.9999898674616722
832997,0.9999928144806384
834020,0.9999908556030942
834374,0.6189026983900502
834589,0.9999923937622706
834595,0.0070982537806908805
834666,0.9999918355688946
834798,0.9999924086568134
834954,0.0017187755524202299
836713,0.9999923620139183
836849,0.00314907824017052
837114,0.99999412906846
837463,0.9999927411007065
837667,0.006159302611606352
838061,0.9999932170803578
838731,0.9999926248844926
839634,0.018232388629345335
839685,0.1325753898512816
840311,0.9999913260407562
840391,0.9999919432786758
840402,0.9999929251982985
841014,0.00027002128998266875
841351,0.9999935168045349
841589,4.835210269769908e-05
842716,0.9999937171477074
843039,0.010313368549734364
843826,0.05852913665593266
843829,0.3435966857626265
844079,0.9999934961325889
844412,0.9999919201707348
845681,0.99999444792407
845883,0.9999924283657854
847925,0.010959027822668652
848261,0.0021872856513985087
848684,0.9999919537697294
849626,0.0037226372352820395
850878,2.756594845424543e-05
851835,0.9999933243370556
851840,0.9999949964024089
851950,4.3202277712865675e-05
852017,0.0021555405504147768
852485,0.9999928038317081
853073,0.00023276049409543946
854081,0.9999913266261042
854871,0.0742487877615619
855602,0.0010583369054496517
855904,0.999991618025071
856475,0.9999931761738274
857321,0.9999930538516908
857344,0.999992686386998
857571,0.9999939482493039
858499,0.0005681080827163389
859398,0.9999930062793125
860176,0.9999927256043162
861171,0.0003074301837620366
861453,5.818692634819935e-05
861996,0.9999940758922548
862048,0.016058699410298694
862344,0.9999919179265149
863107,4.338278794335576e-05
863435,0.9999935431214741
863798,1.656106146717879e-05
863991,0.03129853822713718
864202,0.06624962328930185
864410,0.002106567579909203
864862,0.03284464808125684
866143,0.02052522897839611
866253,0.9999912593318824
866956,0.9999918336700848
868668,0.9999918869499169
869113,0.9999932563418124
870120,0.999992478138217
870198,0.01940000889719576
870675,0.9999924555502075
870983,0.9999913102530494
871411,0.9999914353385084
871830,0.99999305145542
873220,0.9999917784131196
873837,0.0005760875192556198
873851,0.4448625319263824
873936,0.9999934460669442
873941,0.15708660669946783
874386,0.9999911081828206
874760,0.9999931491229747
874979,0.9999905694356384
875156,0.008602966076998354
875544,0.001926992103825073
876220,0.9999926333594654
876350,0.9999912344305038
876497,0.002111627854451683
876668,1.6090313802700676e-05
876696,0.00013631661502439132
876952,0.9999933161757388
877409,0.9999936202078016
877464,0.9999934715941117
877833,0.9999925388525298
878488,0.033312007059373754
878914,0.018236342915286932
879196,0.0002482584783135873
879318,0.9999937521510447
880751,0.9999932142856699
881165,0.9999929154086912
882404,0.9999945523858731
882626,0.999991277904384
883533,0.0005418487446303574
883695,0.0004409760019092456
884277,0.0006753431709017233
884762,0.08383031737298342
885580,0.006261133772527347
886688,0.9999925652825944
887217,0.010016457437463959
888179,0.010529235807338335
888890,0.9999935781868797
889908,0.9999947500142884
891040,0.9999932203372478
891866,0.0002787475586831205
892062,0.999994537816861
893321,0.004450710728456662
893601,0.009295660422690697
895035,0.00040886000600360683
895721,0.9999931966636056
896006,0.006205207377838411
897106,0.003846519567532311
899141,0.0027270138859124817
899868,0.0019373836703260351
900347,0.9999944892509266
900604,0.9999941788631375
901139,0.9999946246002417
901610,6.811899992937705e-05
901740,0.9999938296958916
902554,0.9999946834577448
902982,0.0032183551922225413
903051,0.9999922164387841
903139,0.9999920270373144
903421,0.9999934175125548
903474,0.00011514884490530729
903860,0.0021720555854336915
904025,0.99999207464928
904685,0.99999263487694
904725,0.9999918021608072
904737,0.9999868729151968
905006,0.9999933157546641
905102,0.9999940515620368
905118,0.00290301589167131
905120,0.9999931541257399
905554,0.9999934609510845
906650,0.9999938558178638
906779,0.0035882861058130905
907601,0.0009365073966050387
909026,0.9999938302570259
909053,0.012869751775922342
909477,0.9999940285447018
909672,2.3641286138062618e-05
910166,0.00046189319822265206
910196,0.9999940628992836
910407,0.99999464919934
910642,0.9999923325411667
911719,0.9999913102450073
912962,0.9999928639657417
913057,0.999992388640804
913379,0.0034084981683454364
913566,0.9999942523694937
914133,0.9999926702299125
915095,0.9999911846256021
915159,0.9999937887138473
915244,0.002273578264466372
915676,0.033512501926462886
915727,2.8267412494584113e-05
916270,0.9999913677722951
917379,0.9999934815916837
917521,0.9999945247366281
917623,0.2730666420471316
918762,0.020877566846945136
919803,0.00954647062209755
920080,0.016265359488144473
920349,0.9999895228652087
920470,0.025225601237597393
920583,0.003078674108799181
920790,0.00012882727579229116
920805,0.999993153618258
921236,0.002790087571588101
921324,0.9999943577750289
922745,0.013079231998018956
922953,0.0014785710173806027
923247,0.0007084449436152645
924266,0.9999918516856023
925204,0.9999937332797325
925455,0.9999899319999863
925858,0.999991848549299
925973,0.001104094294654373
926440,0.00943482711460805
926939,0.9999945946705006
927860,0.9999940039609146
928152,0.009709749940727309
928509,0.9999908290732826
928510,0.999992040338208
929215,5.00303418055972e-05
929219,0.9999928385838759
930122,6.864321979917582e-05
930301,0.9769138257052042
930322,0.00011616618527492985
930626,0.9999950872288274
931466,0.9999935501280893
932982,0.9999935616079483
933042,0.9999936118176171
933227,0.009930947693745645
933346,0.00012963175214844716
934291,0.06124095100605029
934667,0.9999913409585618
935050,0.9999921018269584
935501,0.9999952876148273
935624,0.999993643867251
935765,0.004803807642435112
937085,0.9999936944824593
937142,0.9999934670705504
937336,0.8778966318554318
937340,0.9638924986999453
937492,0.0008168025358301186
939064,0.9999915244279423
939652,0.003913118383894087
940111,0.0007150603512550435
941699,0.9999949341130351
941922,0.9999936653106642
942477,0.9999940726723879
942979,0.9999927371309635
943221,0.999993504691215
943245,0.9999927199720543
943423,7.607334816654955e-05
943987,0.9999931993547653
944227,0.993632009467069
944251,0.9733712472023069
945151,0.9999931035428183
945776,0.9999923606987355
945800,0.029273094653393613
947474,0.006788335681833337
947551,0.9999938637026923
948149,0.9999944817086229
948198,0.999990352935549
948423,2.483789061414726e-05
949898,0.9999923229030213
949981,0.9999923170545791
950302,0.999992288471587
950530,0.9999926378473322
953240,0.9999908278157138
954692,0.0003460654391691948
954779,0.9999934481729431
955409,0.9999944184505688
955643,0.9999947374218802
955663,0.9999924140879481
956077,0.9999937244774201
956547,0.9999917709580772
956728,0.9999940085491827
958148,0.0070478892300533495
958395,0.9999919894899184
958880,0.0018459068749661727
959454,0.0008332812541854712
960111,0.9999936334525936
960188,0.9999929973486472
960244,0.002172213922727214
960579,0.0024179156637688572
963450,0.12073282499535676
963820,0.9999854402308237
963824,0.0001634336380882402
964227,0.9999934934071201
965528,0.9999935496087528
965693,0.9999930475236555
967136,0.9999944747596445
967329,0.41464074575113413
967575,0.9999940713976434
967960,0.9999923511627069
968391,0.9999944439014947
968677,0.003106602040714135
969159,0.999991127650681
969985,0.9999926450852924
970026,0.9999931741879191
970168,0.9999941320634587
970520,0.0035786757539679626
972257,0.9999932099849459
973488,0.60347157427844
973496,0.997530024796568
973556,0.9999935548072935
973587,0.9999938878581127
973861,0.000290292994743534
974776,0.00042243635858393933
975219,0.9999938709418212
975337,0.9999926069635383
975975,0.999992090062062
976634,0.1597350941793404
976692,0.999993648174135
977004,0.00025988769726362703
977764,0.1285115972849633
978335,0.9999906164200285
978743,0.9999945357816614
979192,0.9999945225808271
979608,0.0008010338283649708
980042,0.9999925523976717
980233,0.9999937796753848
980583,0.00016692262250276788
980937,0.009110829746849505
981090,0.9999935219288109
981929,0.9999934642339348
982012,5.243073985071928e-05
982263,0.00736426853531704
982364,0.9999947782842369
982593,0.9999940305258916
982834,0.00041898041378130355
982882,0.9999944265350337
983622,0.9999923387957471
983992,0.999992388513894
984180,0.9999942077320361
984488,0.9999928993265282
985241,0.9999902423463585
986354,0.9999904484586253
986639,0.00010158992784699834
986938,1.2074078931069305e-05
987899,0.9999935604315177
988588,0.9999932514300015
988781,0.9999906879553979
988908,0.9999940402251442
989130,0.0024740637568583935
989518,0.9999942007185629
991020,1.8059989599027877e-05
992873,1.8842547279062895e-05
993155,0.00013042970134706175
994094,0.9999929577676191
994178,0.9999945340181081
994263,0.9999944463753184
996171,0.025057841384462733
996420,0.9999938811888344
997891,0.0003870302259676287
999063,0.9999932769557524
999629,0.9999931384455824
999814,0.9999921503764709
1000146,0.9999925967104523
1001028,0.04545725975094028
1001695,1.6487208649312942e-05
1002097,0.055464505663165894
1002100,0.9984479033547334
1002118,0.9957798697655718
1002807,0.9999919394362282
1002958,0.999993285955936
1003429,0.9999933527205609
1004050,0.9999942273011668
1004099,0.9999909909722595
1004469,0.00453246715376839
1005212,0.9999937989468072
1005367,0.9999930148733704
1006470,0.9999915496833549
1006558,0.999990793322557
1006867,0.9999938851380016
1006877,0.9999928884082039
1007180,0.9999945154732133
1007378,0.9999934557843323
1007917,0.0032622344813639484
1008554,0.9999932594478431
1010084,0.9999904679106676
1010272,0.9999912863052337
1010276,0.00040597920403785475
1011802,0.9999920886529341
1011888,0.9999925086277085
1012001,0.9999917004444678
1012447,0.9999949507015873
1012566,0.9999931697234244
1013466,0.9999934663428218
1013857,0.0011831662139871679
1013897,1.4769203395234766e-05
1013911,0.9999929214491324
1014180,2.1670855163615347e-05
1014487,0.002957300748552367
1014513,0.9999941237781977
1014640,0.9999954432894479
1016508,0.9999908459945778
1016675,0.9999927221582001
1017080,0.0001191329289248109
1017343,0.9999912768935723
1018320,0.03576038783848892
1018531,0.00016755341403966583
1018956,0.00046086380198562
1019015,0.9999933201716186
1019307,0.018918001303000424
1019539,0.9999933279350499
1019558,0.9999863845276407
1019584,0.99999406451458
1020063,0.9999941832019292
1020562,0.0076767482853425635
1020646,6.965701288272185e-05
1021473,0.9999922682177832
1021726,0.9999946505905157
1021940,0.9999907324510197
1021950,0.9999940110949882
1022083,0.9999940094124078
1022382,0.0006612492305105631
1023078,0.9999907438942487
1024187,0.9999878211959609
1024401,6.441048190373645e-05
1025084,0.9999917705848269
1026447,0.9999933047427525
1027030,0.9999925712382771
1028066,0.9999947753488395
1028748,0.9999934229666698
1028922,0.9999940233944331
1029093,0.00012062739235822318
1029108,0.9999941268513878
1029357,0.000840871195544374
1029487,0.9999931942807035
1029553,0.9999919830742753
1031026,0.9999935854458741
1031205,0.9999915868841625
1032083,0.0011960436023876965
1032305,0.999991075126366
1033326,0.01728150309251008
1033518,0.0016204554377139
1034317,0.9999919606956564
1034512,0.9999932364416719
1035416,0.0044939161469614245
1035658,0.014176748220426662
1035790,0.00010560352580999004
1036037,9.621441076752596e-05
1036115,0.9999864448172263
1036285,0.9999917821145361
1036679,0.5133248457567346
1036851,0.00015394539244006501
1037402,0.9999938559306217
1037481,0.9999912076588569
1038580,0.0010180662864170485
1038995,0.000188880619938599
1039299,0.9999924352957961
1040382,0.0002675554079848424
1041012,0.9999905222793778
1042712,0.9999930038603047
1043595,0.001121860525008361
1044638,0.9999942002300148
1044882,0.999994547004562
1045012,0.9999928214246683
1046044,0.9999940963604733
1046743,0.0003054344037926213
1047150,0.9999934254635764
1048426,0.0007713173899032598
1048558,0.9999929094295309
1049591,0.00025294023523277803
1050171,0.9999920031857779
1050240,0.9999935512835769
1050472,0.9999916706932915
1051363,5.7999655464764576e-05
1051473,0.0030946758146673534
1051632,0.9999935837386755
1051673,0.9999931251470748
1052261,0.01213949902930553
1055180,0.9999939827346553
1055759,0.9999935905626373
1056313,0.9999939392589333
1056802,0.999991636975776
1057419,0.004669846220132368
1057603,0.0010252955124236346
1058785,0.9999922393904724
1058860,0.9999924170936811
1059128,5.2803512290561076e-05
1059463,0.9999912613079115
1059605,0.1437290130640816
1059689,0.9999956468316927
1059804,0.17506830370537177
1060790,0.9999917740906913
1061466,0.9999939377683609
1061998,0.9999931465487518
1062156,0.9999926962680961
1063004,0.0014871069686399844
1063563,0.001675019776148082
1064234,0.002493048187119162
1064312,0.0001311824685704872
1064572,0.00024076571559767334
1064729,0.9999854542687832
1064849,0.00036671410627641874
1065595,0.000851047751686469
1066288,4.7482769287355935e-05
1066585,0.004079306667479582
1067239,0.0003439103944230509
1068254,0.9999944866600741
1068523,0.012646778163300041
1068921,0.9999918580768511
1069072,0.9999925952658303
1069204,0.9999931158875168
1070308,0.021256298413321356
1070886,0.9999940200234684
1071634,0.9999913273821552
1073608,0.9999931641160075
1073721,0.00021855355871752352
1073833,0.9999934601280551
1073863,0.9999926063085816
1074326,0.999992174769815
1074555,0.9999942897834604
1074662,0.9999935269684459
1074729,0.1083372831807661
1075385,0.9999945363679272
1075752,0.9999863924080884
1076510,0.9999909082390199
1077541,0.9999925046810475
1078604,0.9999916783730574
1079431,0.9999939110162637
1080235,0.9999927746944363
1080271,0.9999929649445776
1080973,0.003594405929830011
1081011,0.9999923156827787
1081172,0.9999939904522688
1081264,0.9999943173842987
1082296,0.999993010547349
1082370,0.0007917197085227281
1082640,0.9999936810634465
1082787,0.9999916346874621
1083081,0.9999912213523808
1083196,0.9999909641799388
1084079,0.9999917231296847
1084102,0.9999924607307692
1084105,0.9999858883847494
1084261,0.9999918213857184
1084528,0.0030844086450752995
1084642,0.9999916322896502
1084850,0.1556268974002927
1084868,0.9999938068020175
1085110,0.10266916096642142
1086382,0.02514628564805833
1087721,0.004044388091190416
1087754,0.0003828456807300108
1087951,0.999993912281695
1088100,0.9999926080443745
1088973,3.11849806433767e-05
1088987,2.5792637459337513e-05
1089392,0.00027957631613724883
1089456,0.9999922330490743
1089465,0.9999951483960211
1089606,0.24758362309789392
1090009,0.002855435184462215
1090138,0.00022256766438470335
1090369,2.6682100643182932e-05
1090626,0.9999930441161584
1090778,0.00022058226752071615
1090954,0.022319987335922147
1091083,0.0005566902671532346
1091140,0.00011345723845776719
1091560,0.010134994928677811
1091680,0.9999918847671679
1091853,1.745088181818404e-05
1092713,0.00015186818526034617
1092739,0.000539612970602031
1092751,0.0019338176317884308
1092898,1.81872705626501e-05
1092979,0.9999934256348331
1093020,0.00024200508058267337
1093061,1.715518031419808e-05
1093184,0.9999908857231953
1093278,0.9999917891255412
1093561,3.1415516038842744e-05
1093967,4.052688690729101e-05
1094297,0.999993828124382
1094361,0.0018176763109763639
1094453,4.7679852544792624e-05
1094555,0.0002796528760782381
1095286,0.0005068298201380547
1095337,0.0031257051770792587
1095823,0.001002024231009073
1096130,0.9999938607624808
1096403,1.2927085111964756e-05
1096535,0.0015559881099522378
1097117,0.002695158292606248
1097299,0.9999940014371986
1097392,0.9999941938893462
1097718,2.9202653736267156e-05
1097858,9.531039040055599e-05
1098248,0.0005428711580335603
1098283,2.6526190704100084e-05
1098367,3.3610731368283405e-05
1098652,9.95806788086207e-05
1099160,0.004966269987383118
1099510,0.00023264955373109464
1099515,0.07150529683736581
1100088,0.9999926430357241
1100193,0.9999937498598728
1100413,0.0001813472758746353
1100562,0.0029223104230962356
1100666,1.8929485735136227e-05
1100731,0.0002632904173111847
1101132,0.0007019098968122796
1101460,0.005882607261564041
1101479,0.0011341134441943334
1101508,0.9999902568227385
1101579,0.9999931016032229
1101615,0.014078455986578087
1102052,1.5193910897032261e-05
1102210,0.9999935596644001
1102602,2.5285427315606866e-05
1103070,2.3574906088390266e-05
1103345,0.9999921843227009
1103541,8.458683476950564e-05
1103588,0.9999935264833535
1104014,0.030202764372948217
1104040,0.0041843555671883465
1104657,5.899435543887926e-05
1105511,0.00034640841886992495
1105513,0.0036610432922787057
1105524,0.002901110558788975
1105864,0.9999908145699324
1105980,0.00010012385208471545
1106615,0.0329173840397711
1106843,0.9999905923546728
1107363,0.9999899991106788
1108198,0.007518919544127878
1108457,0.0010018963368445943
1109813,0.003793221837068561
1109913,1.4191634668781654e-05
1109935,0.00668548469562103
1110182,0.999991220972041
1110457,0.9999917947125013
1110613,0.00014339612308046336
1110861,0.0011698728904283183
1111033,0.0019253470942506958
1111436,6.344196827115659e-05
1111877,0.00013712763853194565
1112479,0.9999937565221011
1112739,0.00017854687270245524
1112766,0.9999924435673155
1113457,5.449389999387611e-05
1113682,0.005912070949872526
1113839,4.6407033850591294e-05
1113886,6.215583207115651e-05
1113906,0.9999929514855334
1114037,0.009501198460945142
1114667,6.462765214730224e-05
1114689,0.9999924726371077
1114832,0.9999924487086049
1115109,0.9999911848644377
1115124,0.07568908648272914
1115418,0.9999944078052416
1115546,0.0006568987023187124
1115597,0.0031948375188049095
1115737,0.9999924231324953
1115817,0.0001918951147338692
1116224,0.9999926328447127
1116326,4.461606971403027e-05
1116495,0.9999935499210479
1116565,0.9999926149564078
1116676,0.00018573594335458807
1117083,0.0013396806867972011
1117475,0.0006373350731938874
1117600,0.9999926720182811
1118911,0.0011500332127143827
1119100,0.00020244736961901944
1119265,0.00021754757223769132
1119910,0.9999933617308748
1120176,9.988457079334192e-05
1120449,0.0006117493271380448
1120534,3.523666886801801e-05
1121206,0.009464778016743794
1121266,0.0002811195011761287
1121886,1.8245451837306444e-05
1121981,0.9999917533828387
1122825,0.003183333414554828
1123466,0.9999912024694523
1123968,0.9999915967593749
1124269,1.3349940135327837e-05
1124929,0.999987751474112
1124944,0.9999935291978244
1125299,1.7424428535077884e-05
1125417,0.0005700351553098349
1127351,0.004012525735178492
1128019,0.016932643618864547
1128100,0.9999928360115571
1128285,0.9999914662616314
1128775,0.9999936821526585
1129043,0.07647256023499038
1130622,0.9999940435714062
1130659,0.05175384376727033
1130919,0.9999949199812147
1131465,0.9999939317330142
1132051,0.9999934900832245
1132178,0.00022943130647690906
1132296,0.02661347937561298
1132506,0.9999941204667196
1132679,0.13192291911033024
1132891,0.0004895129069440867
1134080,0.9999935623782706
1134243,0.005852713931817783
1135083,3.521628527070908e-05
1135256,6.700052664219442e-05
1135437,0.00016665741664725946
1135632,0.00761181568329899
1136430,0.0005450318908495523
1136908,0.99999419798142
1138600,0.9999934942803126
1139601,0.9999935253658927
1139674,0.9999934503036843
1140118,0.9999937356722195
1140347,3.0779019900855315e-05
1140376,0.9999939528849437
1140666,0.9999931154008923
1140793,0.0030084455849876054
1141152,0.01192147782727096
1141228,1.2396831060896881e-05
1141840,0.0006252642927010764
1142278,1.340320474291592e-05
1142299,0.9999914563215154
1142367,0.9999910502674677
1142662,2.0602331434238202e-05
1142772,0.07603006769139144
1142798,0.026076704851964557
1142825,0.0002728005541780885
1143002,0.00018710427034226133
1143193,0.0009558186300110899
1143367,0.9999938219125433
1144367,0.9999908068422282
1145435,0.0007023415848888269
1145468,0.9999916404590126
1145624,0.0005741967148587611
1145638,0.9999936776023075
1145849,0.9999936798412313
1145974,0.9999941546758412
1146064,0.004157602456799119
1146412,1.324257000843617e-05
1146884,0.9999948304026667
1147228,0.9999921021455345
1147851,0.9999938611848279
1147979,0.9999932522808588
1148001,5.779895451191592e-05
1148006,0.004058256788009536
1148387,1.5508515618669578e-05
1148549,4.021381453903111e-05
1148601,2.5074508619898027e-05
1148632,3.936196699577089e-05
1148708,0.9999937154933871
1148841,0.0009549956046500773
1149220,0.9999921286349462
1149256,0.9999917586242967
1150011,0.00016452825757520568
1150892,0.038112446659281846
1151139,0.0006399701023471185
1151567,0.0016527117217307252
1151864,5.6157412184899315e-05
1152458,5.894283059660199e-05
1152606,0.0007449861513873692
1152824,0.0019888715563690937
1153240,0.9999915550539217
1153500,0.9999941653681077
1153933,0.9999940828117365
1154071,0.9999933291573969
1155259,0.9999943154283147
1155583,0.9999926290090515
1155990,0.9999938475972229
1156269,0.9999909669747514
1156379,0.9999927100605794
1157123,0.0036507690709777054
1157351,0.005969779395011626
1157423,3.38358800256934e-05
1158229,0.0009949531825541077
1158263,0.9999936037862119
1158536,0.004070331809402444
1158817,0.019636514491152626
1159052,0.9999935949635874
1159386,0.00028240170163008134
1160331,0.9999864237080368
1160841,2.306423462906721e-05
1161250,2.006058956996457e-05
1161292,0.0014477066467575505
1161582,0.99999288222946
1161607,0.9999931800014896
1161971,2.5557336770313187e-05
1162462,0.0002196549759364278
1162597,0.9999926752749164
1162753,0.00021196456514498363
1162845,0.9999937382628777
1163042,0.9999928144396657
1163372,0.9999933160158345
1163400,0.0007465517716712043
1163682,0.9999930135564061
1164131,0.9999936095735393
1164162,8.785360217556412e-05
1164231,0.35073038241026977
1164468,0.9999857513467661
1164584,3.3669405444164034e-05
1164714,2.3270859845345084e-05
1165243,0.9999934937555168
1165290,0.0003249142842366095
1165508,0.030852024080885283
1165877,0.9999933050205789
1166207,1.6058471432481978e-05
1167150,0.011725144661118726
1167321,0.999993600610353
1167714,0.0031636716787904807
1168038,0.0926081897018702
1168864,2.6394122225980102e-05
1169222,0.9999931090439806
1169736,0.9999936481975195
1170143,4.8132800040181774e-05
1172236,0.9999924265995779
1173188,0.9999936992275853
1173789,0.014590817544584194
1173818,0.0006911541210595705
1173849,0.0003434248403861227
1173991,3.4663829855262995e-05
1174881,0.005579388304963896
1175208,6.157520794793981e-06
1175605,0.003242832580361866
1175781,0.0002784634859028109
1175972,0.9999914222964812
1176237,0.0016383118559122301
1177279,0.9999948938198758
1178512,0.9999911779926851
1179020,0.0001741616240544531
1179804,0.9999890540198909
1180806,0.9999928123306497
1180809,0.9999923364588137
1181020,5.657950268403715e-05
1181546,0.9999925256691696
1182322,0.004437356812067912
1182459,2.5114720343592508e-05
1183635,0.00010482185684871911
1183703,7.67205361260512e-05
1183807,0.9999936536852881
1183827,0.9999939720333861
1184634,0.021214356688642678
1184656,0.9999943692545559
1184838,0.0010240088145866105
1185439,0.00023226196945251096
1185530,1.3860834834864063e-05
1186122,0.013683566855000592
1186150,0.9999930270627682
1187170,0.00013806770926638102
1187276,0.0011626285321119506
1187457,0.9999918020702555
1187807,5.1756892890156876e-05
1188695,0.9999905600386932
1188873,0.0006029354389790197
1189006,0.9999911876472627
1189399,0.999992571624049
1190388,0.9999929162428728
1190410,0.9999934130553162
1190545,0.999993093929192
1190752,0.999993558615455
1191090,0.9999938758558196
1191503,0.0005701998649125997
1191848,5.01162339392593e-05
1192766,0.9999937113790753
1193648,6.193927800478967e-05
1194033,9.90521925960051e-05
1195712,0.021773053799923326
1195833,0.9999921135635964
1196690,0.9999913960988306
1196972,0.9999911473386974
1197190,0.9999911611750462
1197743,0.00015115523644874184
1197900,3.015124446553022e-05
1198789,0.9999908993450304
1198874,0.0063723948898606565
1198911,0.9999924104728656
1199251,0.007039259001760133
1199307,0.9999939201421933
1199514,0.057630740675752884
1199825,0.9999939189585496
1199985,0.9999937601909132
1200450,0.9999942900148152
1202145,0.002219183140700609
1202828,4.4308207170994406e-05
1203224,0.05527279892076957
1203649,0.02824627348520096
1203917,0.004029035082458562
1205265,0.9999913157772624
1205272,0.9999947413698239
1205363,0.9999942000184964
1205482,5.1867409806271325e-05
1205634,0.9999950152949261
1205688,0.00015714804740566123
1206859,0.9999934951297634
1206928,4.613317912082359e-05
1207137,0.9999936313013761
1207311,0.018069647532609086
1207357,0.9999940564678701
1207405,0.9999934410533032
1207942,0.00011343671827797558
1208623,0.9999945887632206
1208908,0.9999934254689251
1209250,0.00024647794381274843
1209833,0.0010250369533849873
1209840,0.007080404299345606
1210282,2.4653158952181742e-05
1210307,0.9999931954273731
1210592,0.0008548594364554176
1211278,0.0002733433566292733
1211473,0.999994238386177
1211777,0.999993030563612
1211910,0.9999940279837481
1211982,0.9999910022023515
1212227,0.0001774797614373517
1212991,0.9999902958938945
1213547,0.9999937049960749
1213612,0.9999941079313086
1213613,0.9999924302877486
1214147,0.9999933486668355
1214655,0.9999950030471831
1214967,0.9999926517316868
1214974,0.9999933348130793
1215275,6.461688602732934e-05
1216263,0.024347687506987868
1216474,0.001027439921085033
1217328,0.9999922036934502
1217384,0.0003613184127892029
1218190,0.9999942955426884
1218370,0.001327106019427666
1218661,0.9999915347034664
1218686,0.9999938890087456
1219181,0.9999921553917179
1220585,0.9999939107885467
1220869,0.9999936266220356
1221125,0.00023833093536859644
1221303,0.9999947478839117
1221362,0.0005622678098901429
1221412,0.9999932560726711
1221867,0.999993918358125
1222016,0.0035273191176289523
1222924,0.0016413215609189537
1223812,0.9999936290299887
1224021,0.9999940349595061
1224607,0.042862697765468645
1225799,0.9999908483832152
1226274,0.00040684226157902795
1226413,0.02208991747508018
1226708,0.9999928522642295
1227195,0.9999933068745093
1227645,0.9999945068227589
1228245,0.9999940185349221
1228631,4.763131350612841e-05
1228709,0.0015113955649846504
1228835,0.999992284161759
1228993,0.9999945510894135
1229785,0.001527520329621276
1231073,1.6836553755101245e-05
1231186,0.9999929508821727
1231760,0.002005285058675174
1232476,0.9999937939276442
1232746,0.9999943284883898
1233267,0.9999933235055649
1233443,3.366628883619623e-05
1233637,0.013796861099701144
1233857,7.747226795223629e-05
1234043,0.0037288060843822953
1234293,0.00013540113767939013
1234550,0.9999930758689533
1234768,0.9999922657076028
1234958,0.0013396627727944774
1235131,0.004913660601636261
1235489,0.9999912452113695
1235574,0.9999931752099857
1235827,0.9999931968905353
1236237,0.0011575245326848238
1237170,0.9999933101041897
1237294,0.9999933215704312
1237374,0.9999936564696653
1237582,0.09048869311339022
1238010,0.9999945190122821
1238965,0.9999926996554747
1239958,0.9999942511723474
1240455,4.6297504549127204e-05
1240752,0.00943704691264821
1241532,0.0020190918010171972
1241731,3.550060465088664e-05
1241760,0.99999155653734
1241888,0.9999936514215741
1242227,0.9999912795748509
1242379,0.0022951453251439315
1242391,0.9999945617190548
1242393,0.9999922329016707
1242488,0.004337056348207373
1242538,0.999994074549322
1242888,0.999991181973122
1243063,0.0015488927129715644
1243637,0.0005252394905920655
1243818,0.0010496699925015595
1244626,0.9999952043428042
1244806,0.9999934724698923
1245495,5.61162930039597e-05
1245513,0.9999929589642491
1245724,0.00032120682642060457
1245753,0.9999943357907178
1245832,7.369649376881894e-05
1246526,0.9999932441732564
1247056,0.9999933963854798
1247077,0.1639253397017923
1247093,0.999993829810104
1247639,0.00015117012190841696
1247857,0.9999918561458345
1248045,0.9999926380689848
1248262,0.001775335083292473
1248327,0.9999934710331027
1248759,0.9999903318187666
1248760,0.9999922976085097
1248768,0.9999934367846928
1249143,0.9999908965693618
1249260,0.9999943469689976
1249393,0.9999920668328699
1249408,0.0025216629503279912
1249747,0.9999937445071169
1249864,0.002843093340721494
1250509,0.9999934126525653
1250812,0.00035969227162932065
1251318,0.9999942381978453
1251545,0.059003890225830656
1251810,0.9999906678684894
1251979,0.9999936572106405
1252375,0.00020562798105325074
1252443,0.05413927181570143
1252828,2.387573402296041e-05
1253185,0.007429707496221788
1253202,0.9999927607401329
1253218,0.999993213352387
1253228,0.0010057340169895993
1254397,0.9999949498871383
1254504,0.9999935000517114
1254878,0.9999935579797923
1255070,0.9999932706653865
1255149,0.9999907833926136
1255152,0.008857271240113195
1255264,0.0009324679532614285
1255728,0.00014022713420129578
1256193,0.0011543335237960638
1256677,0.9999928890203897
1257106,0.02533226316377642
1257314,0.003120373185198633
1257321,0.9999925197681526
1257583,0.999993037090603
1257659,0.999994074841523
1258229,0.999992996208835
1258548,0.9999911633436376
1259150,0.9999941668594065
1259460,0.011953772024579841
1259683,0.9999845851784697
1259977,0.9999930889642565
1260097,0.9999933835881682
1260456,0.999991466608724
1260824,0.9999916001539806
1261596,0.005851933186618392
1261751,0.9999935494279218
1261754,0.9999932903959508
1262517,0.9999932149792925
1262854,0.9999932990248996
1263281,0.9999941771148919
1263289,0.9999932363029304
1263936,0.9999919377882251
1264567,0.0026933497374055323
1264859,0.999992116499425
1264892,0.9999922824371705
1265013,0.9999935915602555
1265183,0.0016111281943926976
1265738,0.00013927153025485316
1265924,0.9999938296543623
1266117,0.013239859670786495
1266169,0.9999933780051005
1266291,0.0011223230990334671
1266409,0.9999934026963072
1266455,0.9999939932670906
1266630,0.003599776531961325
1266827,0.999994283696621
1267187,0.9999945978456966
1267583,0.9999935055639727
1267816,0.03492091436792059
1267873,0.9999935343246091
1268042,0.9999940274010949
1268111,0.0003275667540536359
1268406,0.007010729807786154
1268940,0.0011772398503063434
1269112,0.9999932396670835
1269276,0.9999938804924431
1270023,0.9999928873617812
1270113,0.0013176939746366875
1270128,0.00015310332279985995
1270355,0.010022129918784277
1270407,0.05339919381054217
1270755,0.9999944110601818
1270823,0.9999923426782402
1270885,0.9999919542180424
1271032,0.9999940962998608
1271537,3.2585316558221585e-05
1271551,0.000609309513106179
1271615,0.9999940976628651
1272030,0.9999919360911346
1272083,0.9999915852627997
1272826,0.9999924100853724
1272921,0.013091549637955915
1273600,0.9999923822844473
1274162,0.032382925767509306
1276553,0.9999916997082116
1276639,0.00013866486713585697
1276668,0.0007678591788052201
1276882,0.9999927892123872
1277306,0.9999934830662189
1277567,0.015344319265257375
1277706,0.9999927017083393
1278119,0.999992729351504
1278243,0.04978722907279496
1278807,0.0007455658002416181
1279033,0.0015678042369890455
1279085,0.999994228833963
1279111,0.006423953182721836
1279399,0.00020797887717760908
1279753,0.99999489562136
1279927,0.0005993113459889308
1279959,0.9999924841722686
1279962,0.9999932664329301
1280064,0.9999929827578307
1280552,0.9999917674635185
1281081,0.99999306966415
1281221,0.9999916904928443
1281382,0.999991374343061
1282076,0.999994289582609
1282644,0.002039965438936665
1283099,2.3462152011143778e-05
1283276,0.0028260236777809832
1283756,0.0003673272258073696
1283977,0.9999876865151383
1283998,0.005080388551846866
1284210,0.00019388660819365732
1284348,0.9999912313777912
1284418,0.001136875946273751
1284711,0.00020455065316440465
1285078,0.9999940842537306
1285514,1.031912796134382e-05
1285890,0.9999936518393004
1285957,0.9999931515084809
1286006,0.9999928728746569
1286129,0.0001333159312155353
1286168,0.0017523623666778306
1286730,0.9999934784413725
1286983,0.9999902924310362
1287876,0.0003981909043765413
1287985,0.9999904955727953
1288803,2.4871842319882385e-05
1290229,0.9999899274325853
1290319,0.9999936804323871
1290480,0.00012095191995117335
1291278,0.0006143390595906121
1291314,0.9999941627852654
1291400,0.0004684822585257292
1291693,3.7713693574439305e-05
1292035,0.9999944842026135
1292099,0.001438145249685917
1292874,0.0003822826318232205
1293360,0.0013506179420406798
1293795,0.9999943300823212
1293872,0.0018048600239999892
1293929,0.00018085973921775446
1294279,0.197689893581323
1294356,0.9999936354393222
1295255,9.707364123628041e-06
1295310,0.9999898545134726
1295785,0.9999954963859246
1296130,1.4514164203016024e-05
1296685,0.9999936879806034
1296731,0.00013703756366688369
1296804,0.9999953858664355
1296919,0.999992954274243
1297482,0.9999935874326821
1297580,0.9999928802676694
1297926,0.11716663818276322
1298014,0.9999923766312601
1298279,0.000942012130835062
1298392,0.9999929736262538
1298492,0.007051972283413615
1298575,3.785901586861842e-05
1298973,0.9999851731363075
1299181,0.0016317527920600918
1300229,0.00010004361491600449
1300344,0.9999909792340278
1300586,0.9999930904292182
1300992,0.999993710722645
1301089,0.9999948597941728
1301173,0.9999943913281782
1301254,0.00029926402135164895
1301858,0.9999937901867408
1301861,0.9999935525586108
1302409,0.999994082793576
1303200,0.0012711551223364066
1303518,0.9999923132163401
1303881,0.9999932554073614
1304801,0.999991925397612
1304931,0.9999918849940411
1305360,0.9999941058268168
1305529,0.9999940678495
1306016,0.0007148203987080245
1306322,0.9999938500904552
1306405,0.9999916366662541
1306508,0.20168476405822014
1307542,0.9999939698800139
1307778,0.9999951688532607
1307960,0.9999920067931608
1308112,0.9999931320171704
1308700,0.9999950330085314
1308771,0.03455706550883343
1309004,0.9999931394589945
1309150,0.9999938270475345
1309224,4.66821351239013e-05
1309288,0.3506822637694247
1310144,0.9999903246836291
1310191,0.9999929744200163
1310424,0.9999934080591588
1310507,0.9999914957278246
1310864,0.9999908194535111
1311008,0.9999932648435592
1311123,0.0008431223428573009
1311455,0.062256662780621225
1311485,0.007581048284757074
1311990,0.9999909651372583
1312001,0.04240707492223783
1312589,0.9999920405886372
1312658,0.004228560343422867
1313254,0.9999920147787621
1313414,0.9999908375681351
1313732,0.9999931139021477
1314419,0.9999932369696733
1314784,0.00025449507968584715
1315333,0.00283677977165312
1316217,0.9999929060834438
1317254,0.00010770140303863043
1317404,0.9999930580673433
1317713,0.9999909761421961
1318057,0.058661174682812116
1318147,0.999994351197681
1318201,0.9999920760102899
1318434,0.9999923902122918
1319173,0.00012964166908945385
1319280,0.9999911167746482
1319441,0.9999938681758751
1319443,0.999993474526351
1319512,0.9999920285087214
1320308,0.00040999941879602914
1320513,0.9999924947897822
1320587,0.9999929817463138
1321009,0.001016076504824236
1321256,0.008485982126858011
1321288,0.9999936649929757
1322254,0.9999912842951808
1322382,0.9999925647804063
1322777,2.474447827713569e-05
1322811,0.9999914488040212
1323280,0.0030486207497660957
1323298,0.9999945199873895
1323438,0.9999916446138499
1323467,0.9999933848720094
1323530,1.9436261274915523e-05
1325149,0.9999931807753707
1325239,0.9999930801622405
1325260,0.9999914646672051
1325639,0.9999920942747482
1325688,0.002886087934612586
1325943,0.0006662556895598149
1326425,0.030258074447445157
1326550,0.9999948790296765
1326663,0.9999927225176801
1327069,0.007178946042023445
1327161,0.0008335922208493677
1327179,0.00373626396169378
1327203,0.9999924983295365
1327435,0.9999932418852301
1327520,0.9999947813761538
1327824,0.9999932376179378
1328106,0.9999940688360465
1328108,0.9999887468694392
1328343,0.9999927113779792
1328598,0.9999921728439362
1328984,0.9999930051184992
1329028,0.004305448327694434
1329288,0.9999918787718827
1329440,0.9999918666321843
1329890,0.00025720487315820066
1330097,0.00041039744815398295
1330382,0.007120015791944673
1330558,0.002440167175586103
1330876,0.9999925729230585
1331120,0.9999930002109362
1331256,0.9999925510176303
1332061,0.9999920474923528
1332075,0.9999932140860235
1332339,0.9999932955468751
1332350,0.999992586875187
1332386,0.9999915801282779
1332461,3.8518525743903896e-05
1332582,0.0004902691704404329
1332585,0.00488685890621896
1333114,0.9999950322022592
1333193,0.9999934240815425
1333522,0.0001425355870670283
1334204,0.00047541452712015564
1334281,0.9999932638362682
1334359,0.0004015830828333343
1334396,0.9999937489883063
1334720,2.324471959591777e-05
1335308,0.9999932582759353
1335369,0.14815635185306028
1335583,0.9999869616304333
1335596,0.9999925354741968
1335638,0.010220403185409543
1335816,0.9999928268079419
1336113,0.9999921708660258
1336290,0.9999928181438211
1336391,0.9999935548255694
1336884,0.00014605992622288962
1337150,0.47405391456260015
1337698,0.0006933936334808963
1338306,0.9999908712995297
1338462,0.013701877431544303
1338493,0.9999936040364383
1338602,0.9999915971022337
1338626,0.9999934949217366
1338877,0.9999932635513555
1339071,0.9999950979805443
1339207,0.999991940423712
1339483,0.999993218544568
1339650,0.021615076560183723
1340159,0.9999926367968255
1340424,0.005341298393905933
1340780,1.1759546510960939e-05
1340932,0.9999938504765868
1340985,0.9999942258919864
1341365,0.9999935535294656
1341556,0.9999936409695227
1341798,0.999992521071692
1342203,0.9999953503593446
1342839,0.99999320123912
1343503,0.9999936714564333
1343521,0.9999931033449644
1343811,0.9999914702516192
1343844,0.999995474201743
1344577,0.9999922803190853
1344595,0.9999924349948913
1344631,0.9999927033376457
1344765,0.9999945330421108
1345334,0.9999931882652577
1345982,0.9999940213763278
1347003,0.999992721332151
1347153,0.8978158659680129
1347290,0.00019566563375218789
1347301,0.9999916544332231
1347326,0.9999936829626618
1348266,0.9999932943971944
1348290,0.0009002187414729093
1348729,0.9999939001579198
1349439,0.9999913775607827
1350744,0.99999235766601
1351323,0.9999937343501386
1351639,0.9999912733786918
1351811,0.9999912970515774
1351962,0.9999914342755718
1352334,0.999991426919838
1352971,7.539661262703934e-05
1353060,0.04749516615323736
1353276,0.9999933578766295
1353690,6.517612973754501e-05
1354973,0.9999948601217712
1355287,0.9999943298786373
1355730,0.9999931839386125
1355842,0.9999936916575085
1356031,0.9999939412510159
1356101,0.0003593108065203853
1356305,9.061903814410529e-05
1356974,0.0005193788781936163
1357038,0.9999927487224555
1357470,0.9999936240955106
1357707,0.0008584053879868862
1357722,0.9999930982756423
1358753,0.9999914817421316
1359004,0.9999931242863549
1359834,0.0033644040156475758
1359997,0.9999935022721255
1361863,2.9414757810535718e-05
1362231,0.9999903286335241
1362378,0.0026410751405856196
1362440,0.9999915026471194
1362558,0.9999936876346229
1363530,0.9999932231185484
1363879,0.9999943469319459
1363938,0.007759939306120975
1364034,0.9999929160407671
1364353,0.004395750601090703
1364552,0.9999940638281594
1364697,0.9999940351294984
1365294,0.9999935694231621
1365765,0.9999919624229416
1365940,0.9999928936444314
1366018,0.01567205977277165
1366622,0.9999905239144609
1367374,0.999994342885519
1367476,0.999994169980516
1367723,0.007262806186584239
1368015,0.999990686646032
1368554,0.9999929691211559
1368632,0.9999938104721989
1368992,0.4348923845920006
1369076,0.9999933433463667
1369428,0.9999944171786271
1369497,0.9999928261923418
1369512,0.9999928811420312
1369565,0.9999937852624595
1369965,0.9999926600966692
1370427,0.0009233893005974958
1370460,0.9999934495010309
1370667,0.9999934867179421
1370686,0.99999537283131
1370713,0.9999936595527728
1370754,0.999991785031005
1370764,0.9999899711085897
1370862,5.831413316484379e-05
1370886,0.9999932270447495
1371050,0.999993392767567
1371290,0.9999953120158989
1371363,0.9999941032772993
1371438,0.999990758324337
1371834,0.9999914118944135
1372060,0.008787701233286219
1372101,0.9999936597443174
1372522,0.9999932845803423
1372526,0.9999941459908858
1373821,0.9999926367183909
1374377,0.00040604657667573887
1374469,0.9999936732059147
1374548,0.00011824566825872698
1374743,0.000247052914653011
1374872,0.9999917158686641
1375223,0.9999949358415858
1375617,0.9999921700500339
1376392,0.9999925346006615
1376829,0.9999946652152926
1377176,0.9999931317983776
1377275,0.9999907888748989
1378230,0.9999919176620803
1378413,0.9999940240816356
1378534,0.9999942112946668
1379469,0.999993081297854
1379518,0.9999938829100788
1379632,0.99999385932487
1379838,0.9999915609654386
1380477,0.0009192369633474887
1380512,0.9999928805352365
1382121,0.9999888698029378
1382443,0.9999926641469642
1382584,0.9999906901018744
1383012,0.007117231821431901
1383184,0.999989244524091
1383307,0.9999853452587563
1383395,0.9999908576880517
1383439,0.005437175447023867
1383549,0.9999901263376868
1383600,0.9999901515289895
1383847,0.9999935396059225
1384105,0.9999921357271891
1384216,0.008896504527820944
1384424,0.9999896135724716
1385548,0.9999930861302795
1385590,0.9999919524178793
1385611,0.0008846529666129803
1386074,0.9999921163566151
1386979,0.9999864301122717
1387886,0.9999938233079627
1388282,0.9999952999546884
1388835,0.03430780839527382
1388892,0.9999899448408422
1388904,0.9999909000745232
1389011,0.9999912928020429
1389059,0.9999897259097801
1389478,0.9999899255033661
1389592,0.020955374293140098
1389624,0.9999901037608735
1389738,0.9999918852083963
1390271,0.9999939916898173
1390416,0.999991438236863
1391718,0.9999900138505272
1392125,0.999991751341184
1392298,0.9999925497420565
1392671,0.9999924515718329
1392947,0.9999929314372782
1393403,0.9999908513712097
1394003,0.999990880402414
1394014,0.9999915835203756
1394040,0.9999919560067428
1394349,0.9999895613481584
1394480,0.999992843900677
1394492,0.9999929141893752
1394631,0.0004905392216006484
1394919,0.9999925746179039
1395156,0.01080436556921365
1395216,0.9999930561067769
1395229,0.47694214276915553
1395325,0.020462624525083652
1395443,0.9999900886165465
1395448,0.0006546851917574368
1395830,0.9999901033520554
1396177,0.9999923893554408
1396230,0.0005605717399360641
1396300,0.9999913440256811
1396537,0.9999939559783615
1396591,0.9999847937499174
1396752,0.9999895023172949
1396970,0.007907687865306648
1397211,0.20418144918872658
1397613,0.999991283461996
1398298,0.9999939073577047
1398315,0.9999926943852259
1398730,0.9999933182764086
1398987,0.9999909060027822
1399244,0.9999925005797795
1399354,0.9999935238760513
1399877,0.9999929563209107
1400069,0.9999922344022406
1400410,0.9999945611518815
1400658,5.586106370745532e-05
1400897,0.05671366353888562
1400970,0.9999920750312628
1401068,0.9999933511434458
1401241,0.9999941898704354
1401308,0.9999943963028299
1401720,0.9999932339404218
1401795,0.02821484095498714
1402123,0.9999910877097853
1402156,0.9999888132026881
1402284,0.9999905424591627
1402285,0.009047439266745604
1402502,0.999993405787272
1402994,0.9999926727176747
1403127,0.9999917780879388
1403547,0.9999929340851842
1404063,0.0005440267336543181
1404277,0.05270444627923654
1404816,0.006817489659918245
1404941,0.04259050770594332
1405911,0.9999894441750716
1406405,0.999993742308526
1406557,0.9999903096252905
1407254,0.9999895249621824
1407284,0.01201717764196947
1407530,0.9999921812656015
1408025,0.9999944918954377
1409307,0.9999922881679473
1409490,0.9999935008977627
1409679,0.999991062208447
1410869,0.0002690345762606107
1411009,0.9999916741053044
1411432,0.9999944601723018
1411571,0.9999929593201353
1412305,3.854445103212215e-05
1413156,0.9999932143930584
1413399,0.9999928071916013
1413557,0.006828111588992749
1414066,0.9999943795893952
1414086,0.9999907241873672
1414210,0.014162424991027482
1414273,0.9999936887767565
1414609,0.9999916483913202
1415101,0.999991801294302
1415314,0.9999939663260763
1416422,0.004624904125931889
1416667,0.9999920977983854
1417109,0.9999893757487783
1417209,0.9999897821497675
1417215,0.011075171137013616
1417264,0.9999919197117025
1417562,0.00010158827299176245
1417739,0.9999891528501489
1417769,0.9999942783010889
1417782,0.9999929261417356
1417896,0.9999900358109411
1417949,0.9999942400960161
1418215,0.9999892690057991
1418323,0.9999922507678439
1418350,0.9999922578509965
1418851,0.9999906184431779
1419180,0.9999937428803022
1419270,0.9999917315404465
1419476,0.9999936123588151
1419692,0.9999931220805588
1419819,0.9999932653695911
1420052,0.9999943487463446
1420317,0.9999930236266641
1420333,0.9999929584612863
1421110,0.9999938875303511
1421177,0.003958827487877614
1421282,0.9999946658279356
1421304,0.0014576143313072554
1421442,0.999994583231073
1421610,0.003978566759478345
1422287,0.00015057975259086872
1422453,0.9999938982970302
1423118,0.9999924858029159
1424060,0.178334961212748
1424259,0.9999932163644386
1424772,0.0006603431450781686
1424784,0.9999905756628878
1425129,8.156764196619766e-05
1425135,0.9999942580337534
1425188,0.0028818000370515896
1425399,0.9999933979200918
1425687,0.9999902588144827
1425955,0.9999926636645139
1426556,0.9999917063029029
1426583,0.19418874261622188
1426601,0.9999907878466419
1426987,0.038322175219774775
1427085,0.07721915087437828
1427215,0.04667680688274264
1427216,0.007058225357192113
1427218,0.007185262722205842
1427418,0.906050189317232
